sku,oos_start,oos_end,controls
AF-1,2024-11-19,2024-12-12,"[{""control_sku"": ""Najtamniji smedi kratki opk (KRO-2 ) kom"", ""corr"": 0.48012876093330564, ""overlap_days"": 30, ""ratio"": 4.0}, {""control_sku"": ""RR-10"", ""corr"": 0.44804394299035255, ""overlap_days"": 56, ""ratio"": 2.0}, {""control_sku"": ""RR-1B"", ""corr"": 0.41833228461525496, ""overlap_days"": 56, ""ratio"": 1.5}, {""control_sku"": ""Tamno plavi kratki opk (KRO-k16 ) kom"", ""corr"": 0.37912190882440827, ""overlap_days"": 30, ""ratio"": 3.0}, {""control_sku"": ""AF-SMP"", ""corr"": 0.36993738317010183, ""overlap_days"": 56, ""ratio"": 3.0}]"
AF-1,2025-07-10,2025-07-14,"[{""control_sku"": ""OPK-SMP"", ""corr"": 0.5723579959665914, ""overlap_days"": 56, ""ratio"": 2.333333333333333}, {""control_sku"": ""P091"", ""corr"": 0.48981206264314747, ""overlap_days"": 53, ""ratio"": 10.5}, {""control_sku"": ""AF-MHG"", ""corr"": 0.4856022717550338, ""overlap_days"": 56, ""ratio"": 3.5}, {""control_sku"": ""AR-613"", ""corr"": 0.46914688368100654, ""overlap_days"": 56, ""ratio"": 1.9090909090909092}, {""control_sku"": ""Crni kratki opk (KRO-1B ) kom"", ""corr"": 0.44198454615266647, ""overlap_days"": 56, ""ratio"": 2.625}]"
AF-K16,2024-12-26,2025-01-27,"[{""control_sku"": ""AF-10"", ""corr"": 0.6550404675929556, ""overlap_days"": 56, ""ratio"": 2.0}, {""control_sku"": ""Svetlo Smedi s pramenovima (RR-SMEDPR ) kom"", ""corr"": 0.4694949753883355, ""overlap_days"": 56, ""ratio"": 0.6}, {""control_sku"": ""RR-MHG"", ""corr"": 0.45208063406437704, ""overlap_days"": 56, ""ratio"": 2.0}, {""control_sku"": ""Srednje plava ombre afro (AF-SRP ) kom"", ""corr"": 0.44501236673450423, ""overlap_days"": 56, ""ratio"": 3.0}]"
AF-MHG,2024-08-12,2024-08-27,"[{""control_sku"": ""RR-4"", ""corr"": 0.49487210036728163, ""overlap_days"": 56, ""ratio"": 0.25}, {""control_sku"": ""RR-350"", ""corr"": 0.36430836970250075, ""overlap_days"": 56, ""ratio"": 1.0}, {""control_sku"": ""EKS-1B"", ""corr"": 0.3625502356301115, ""overlap_days"": 56, ""ratio"": 0.17647058823529413}, {""control_sku"": ""EKS-4"", ""corr"": 0.3080496089889161, ""overlap_days"": 56, ""ratio"": 0.3333333333333333}]"
AF-SMP,2024-12-23,2025-01-27,"[{""control_sku"": ""RR-MHG"", ""corr"": 0.5491696473652757, ""overlap_days"": 56, ""ratio"": 1.25}, {""control_sku"": ""EKS-PLO"", ""corr"": 0.4483200246923518, ""overlap_days"": 56, ""ratio"": 0.625}, {""control_sku"": ""DR-4"", ""corr"": 0.4269005847953218, ""overlap_days"": 56, ""ratio"": 0.8333333333333334}, {""control_sku"": ""EKS-K16"", ""corr"": 0.39457148922779367, ""overlap_days"": 56, ""ratio"": 0.5555555555555556}, {""control_sku"": ""AF-10"", ""corr"": 0.3902440881590393, ""overlap_days"": 56, ""ratio"": 1.25}]"
AR-4,2025-03-10,2025-03-10,"[{""control_sku"": ""Svetlo plavi kratki opk (KRO-613 ) kom"", ""corr"": 0.6019747060559005, ""overlap_days"": 41, ""ratio"": 5.666666666666667}, {""control_sku"": ""OPK-1B"", ""corr"": 0.5606353040693077, ""overlap_days"": 41, ""ratio"": 1.1333333333333333}, {""control_sku"": ""Ekstenzije s plavim pramenovima (EKS-PRAM ) kom"", ""corr"": 0.5562582100919535, ""overlap_days"": 41, ""ratio"": 8.5}, {""control_sku"": ""Ekstenzije smede plava ravna (EKS-SMPLV ) kom"", ""corr"": 0.4766465456205047, ""overlap_days"": 41, ""ratio"": 5.666666666666667}, {""control_sku"": ""U-1B"", ""corr"": 0.46010027534771764, ""overlap_days"": 41, ""ratio"": 0.894736842105263}]"
AR-4,2025-06-19,2025-08-12,"[{""control_sku"": ""AR-1B"", ""corr"": 0.5825367588456855, ""overlap_days"": 42, ""ratio"": 1.4500000000000002}, {""control_sku"": ""Smede plavi kratki (KRR-SMPLV ) kom"", ""corr"": 0.5612349859730081, ""overlap_days"": 56, ""ratio"": 7.250000000000001}, {""control_sku"": ""Srednje plavi (RR-SRP ) kom"", ""corr"": 0.552708918629632, ""overlap_days"": 56, ""ratio"": 4.142857142857143}, {""control_sku"": ""EKS-4"", ""corr"": 0.5390382488159651, ""overlap_days"": 56, ""ratio"": 1.2608695652173916}]"
AR-4,2025-10-20,2025-10-22,"[{""control_sku"": ""OPK-1B"", ""corr"": 0.49137697724960766, ""overlap_days"": 56, ""ratio"": 0.5952380952380952}, {""control_sku"": ""Tamno plavi kratki (KRR-k16 ) kom"", ""corr"": 0.45451046645997417, ""overlap_days"": 56, ""ratio"": 2.7777777777777777}, {""control_sku"": ""Svetlo plavi kratki opk (KRO-613 ) kom"", ""corr"": 0.43405736614121565, ""overlap_days"": 56, ""ratio"": 3.1250000000000004}, {""control_sku"": ""U-1B"", ""corr"": 0.4176450345162734, ""overlap_days"": 56, ""ratio"": 1.3888888888888888}]"
Crni kratki rep (KRR-1B ) kom,2025-12-16,2025-12-18,"[{""control_sku"": ""PR20"", ""corr"": 0.5759926427452075, ""overlap_days"": 39, ""ratio"": 7.5}, {""control_sku"": ""AR-4"", ""corr"": 0.5161582343588339, ""overlap_days"": 54, ""ratio"": 0.38461538461538464}, {""control_sku"": ""OPK-1B"", ""corr"": 0.3971463023204904, ""overlap_days"": 56, ""ratio"": 1.0714285714285714}, {""control_sku"": ""BD-10"", ""corr"": 0.389985492809496, ""overlap_days"": 50, ""ratio"": 3.75}]"
Crni kratki rep (KRR-1B ) kom,2025-12-23,2025-12-29,"[{""control_sku"": ""BD-10"", ""corr"": 0.4038466797066338, ""overlap_days"": 53, ""ratio"": 3.0}, {""control_sku"": ""OPK-1B"", ""corr"": 0.39180729358249883, ""overlap_days"": 53, ""ratio"": 0.923076923076923}, {""control_sku"": ""Tamno smeda kratki (KRR-4 ) kom"", ""corr"": 0.3881588090403279, ""overlap_days"": 53, ""ratio"": 1.714285714285714}]"
EKS-10,2025-06-26,2025-08-12,"[{""control_sku"": ""PR43"", ""corr"": 0.5272256197292066, ""overlap_days"": 39, ""ratio"": 4.0}, {""control_sku"": ""EKS-4"", ""corr"": 0.5194528798082637, ""overlap_days"": 56, ""ratio"": 0.6153846153846153}, {""control_sku"": ""Platinum ombre kratki opk (KRO-PP ) kom"", ""corr"": 0.5099697744236147, ""overlap_days"": 56, ""ratio"": 2.0}, {""control_sku"": ""Srednje plavi (RR-SRP ) kom"", ""corr"": 0.5059909971510959, ""overlap_days"": 56, ""ratio"": 1.5999999999999999}]"
EKS-SSP,2025-09-26,2025-09-26,"[{""control_sku"": ""AF-SMO"", ""corr"": 0.5378528742004769, ""overlap_days"": 56, ""ratio"": 1.2}, {""control_sku"": ""Svetlo smeda OPK (OPK-10 ) kom"", ""corr"": 0.49888765156985876, ""overlap_days"": 56, ""ratio"": 0.6666666666666666}, {""control_sku"": ""AR-1B"", ""corr"": 0.44309312987128385, ""overlap_days"": 56, ""ratio"": 0.23999999999999996}]"
EKSOPK-1B,2025-12-16,2025-12-29,"[{""control_sku"": ""RR-613"", ""corr"": 0.4851361676989206, ""overlap_days"": 56, ""ratio"": 2.3333333333333335}, {""control_sku"": ""AR-4"", ""corr"": 0.39480060441505765, ""overlap_days"": 54, ""ratio"": 0.1794871794871795}, {""control_sku"": ""AR-1B"", ""corr"": 0.3833084176208898, ""overlap_days"": 56, ""ratio"": 0.4666666666666667}, {""control_sku"": ""Svetlo plavi kratki opk (KRO-613 ) kom"", ""corr"": 0.37573633390909716, ""overlap_days"": 56, ""ratio"": 0.875}]"
EKSOPK-4,2025-12-22,2025-12-29,"[{""control_sku"": ""U-4"", ""corr"": 0.4703851270805967, ""overlap_days"": 56, ""ratio"": 0.39999999999999997}, {""control_sku"": ""AR-SMO"", ""corr"": 0.4685241878304466, ""overlap_days"": 56, ""ratio"": 2.0}, {""control_sku"": ""OPK-1B"", ""corr"": 0.38582926421889335, ""overlap_days"": 56, ""ratio"": 0.25}]"
EKSOPK-SMEDPR,2025-11-05,2025-11-06,"[{""control_sku"": ""Platinum OPK (OPK-PLAT ) kom"", ""corr"": 0.4542606569989021, ""overlap_days"": 56, ""ratio"": 6.500000000000001}, {""control_sku"": ""Smedi ombre kratki opk (KRO-SMO ) kom"", ""corr"": 0.4391159967656258, ""overlap_days"": 56, ""ratio"": 2.6}, {""control_sku"": ""RR-K16"", ""corr"": 0.3874325103859381, ""overlap_days"": 56, ""ratio"": 6.500000000000001}, {""control_sku"": ""Najtamnija smeda (RR-2 ) kom"", ""corr"": 0.3864432699645595, ""overlap_days"": 56, ""ratio"": 1.6250000000000002}]"
EKSOPK-SRP,2025-11-25,2025-12-01,"[{""control_sku"": ""BD-10"", ""corr"": 0.5285432087325196, ""overlap_days"": 29, ""ratio"": 2.1999999999999997}, {""control_sku"": ""BD-SMEDPR"", ""corr"": 0.5024013123422322, ""overlap_days"": 29, ""ratio"": 0.4074074074074074}, {""control_sku"": ""EKSOPK-4"", ""corr"": 0.5017502331534955, ""overlap_days"": 56, ""ratio"": 0.8461538461538461}, {""control_sku"": ""U-4"", ""corr"": 0.483378911842245, ""overlap_days"": 56, ""ratio"": 2.1999999999999997}]"
EKSOPK-SRP,2025-12-11,2025-12-17,"[{""control_sku"": ""BD-SMEDPR"", ""corr"": 0.523603567153302, ""overlap_days"": 38, ""ratio"": 0.2857142857142857}, {""control_sku"": ""U-4"", ""corr"": 0.50883999690896, ""overlap_days"": 49, ""ratio"": 2.0}, {""control_sku"": ""EKSOPK-4"", ""corr"": 0.491549842706351, ""overlap_days"": 49, ""ratio"": 1.0}, {""control_sku"": ""BD-10"", ""corr"": 0.47979430829145525, ""overlap_days"": 38, ""ratio"": 2.0}]"
KRR-SRP,2025-12-31,2025-12-31,"[{""control_sku"": ""AR-4"", ""corr"": 0.44437201044069613, ""overlap_days"": 56, ""ratio"": 0.07272727272727272}, {""control_sku"": ""Najtamnija smeda (RR-2 ) kom"", ""corr"": 0.4414199996776905, ""overlap_days"": 56, ""ratio"": 0.3333333333333333}, {""control_sku"": ""DR-4"", ""corr"": 0.42446508179941866, ""overlap_days"": 56, ""ratio"": 1.0}, {""control_sku"": ""RR-BRO"", ""corr"": 0.3988020969267139, ""overlap_days"": 56, ""ratio"": 1.3333333333333333}]"
Mahagoni kratki opk (KRO-MHG ) kom,2024-12-24,2025-01-27,"[{""control_sku"": ""Ekstenzije sivo plava (EKS-SIVPL ) kom"", ""corr"": 0.3994717477178282, ""overlap_days"": 56, ""ratio"": 1.0}, {""control_sku"": ""Crni kratki opk (KRO-1B ) kom"", ""corr"": 0.33691014050742885, ""overlap_days"": 56, ""ratio"": 0.3333333333333333}, {""control_sku"": ""OPK-6stari"", ""corr"": 0.25621924145319946, ""overlap_days"": 56, ""ratio"": 0.6}, {""control_sku"": ""OPK-SMO"", ""corr"": 0.23257141451301983, ""overlap_days"": 56, ""ratio"": 0.25}, {""control_sku"": ""EKS-SRP"", ""corr"": 0.22968120381848833, ""overlap_days"": 56, ""ratio"": 0.375}]"
Najtamnija smeda (RR-2 ) kom,2024-12-24,2025-01-27,"[{""control_sku"": ""EKS-4"", ""corr"": 0.7303273185785655, ""overlap_days"": 56, ""ratio"": 1.2727272727272727}, {""control_sku"": ""RR-613"", ""corr"": 0.569865823365951, ""overlap_days"": 56, ""ratio"": 1.75}, {""control_sku"": ""TRK-1B"", ""corr"": 0.5598953916618911, ""overlap_days"": 56, ""ratio"": 2.8}, {""control_sku"": ""EKS-SSP"", ""corr"": 0.5511715373737017, ""overlap_days"": 56, ""ratio"": 2.3333333333333335}, {""control_sku"": ""RR-K16"", ""corr"": 0.5367804442997026, ""overlap_days"": 56, ""ratio"": 1.2727272727272727}]"
Najtamnija smeda afro (AF-2 ) kom,2024-12-30,2025-01-27,"[{""control_sku"": ""EKS-NAT"", ""corr"": 0.4878463386648983, ""overlap_days"": 56, ""ratio"": 0.375}, {""control_sku"": ""DR-1B"", ""corr"": 0.4155307617926506, ""overlap_days"": 56, ""ratio"": 0.3}, {""control_sku"": ""EKS-K16"", ""corr"": 0.376195631903737, ""overlap_days"": 56, ""ratio"": 0.3}, {""control_sku"": ""Ekstenzije smede plava ravna (EKS-SMPLV ) kom"", ""corr"": 0.35364111008118676, ""overlap_days"": 56, ""ratio"": 0.6}, {""control_sku"": ""RR-MHG"", ""corr"": 0.3410391360352832, ""overlap_days"": 56, ""ratio"": 1.5}]"
Najtamniji smedi kratki opk (KRO-2 ) kom,2025-01-22,2025-01-27,"[{""control_sku"": ""DR-PP"", ""corr"": 0.6044373148978469, ""overlap_days"": 56, ""ratio"": 1.0}, {""control_sku"": ""Smede plavi kratki opk (KRO-SMPLV ) kom"", ""corr"": 0.5014253632525592, ""overlap_days"": 56, ""ratio"": 0.5}, {""control_sku"": ""Tamno plavi kratki (KRR-k16 ) kom"", ""corr"": 0.48261892097388126, ""overlap_days"": 56, ""ratio"": 0.6666666666666666}]"
OPK-1B,2024-08-27,2024-08-27,"[{""control_sku"": ""DR-1B"", ""corr"": 0.650163975253685, ""overlap_days"": 56, ""ratio"": 3.1999999999999997}, {""control_sku"": ""RR-K16"", ""corr"": 0.5893899335399089, ""overlap_days"": 56, ""ratio"": 1.4545454545454546}]"
OPK-2,2024-12-25,2025-01-27,"[{""control_sku"": ""Tamno plavi kratki (KRR-k16 ) kom"", ""corr"": 0.5121822240346193, ""overlap_days"": 56, ""ratio"": 1.6666666666666667}, {""control_sku"": ""OPK-SMP"", ""corr"": 0.5023288264460769, ""overlap_days"": 56, ""ratio"": 2.0}, {""control_sku"": ""Smede plavi kratki (KRR-SMPLV ) kom"", ""corr"": 0.5004846392804181, ""overlap_days"": 56, ""ratio"": 1.4285714285714286}]"
OPK-2,2025-04-24,2025-05-07,"[{""control_sku"": ""Crni kratki opk (KRO-1B ) kom"", ""corr"": 0.569290487729134, ""overlap_days"": 56, ""ratio"": 1.25}, {""control_sku"": ""EKS-4"", ""corr"": 0.5355824323693346, ""overlap_days"": 56, ""ratio"": 1.4285714285714286}, {""control_sku"": ""DR-PP"", ""corr"": 0.5347855737667787, ""overlap_days"": 56, ""ratio"": 3.3333333333333335}, {""control_sku"": ""Rep tamno smeda OPK (OPK-4 ) kom"", ""corr"": 0.513341405874358, ""overlap_days"": 56, ""ratio"": 0.9090909090909092}, {""control_sku"": ""U-613"", ""corr"": 0.5054827442164632, ""overlap_days"": 56, ""ratio"": 2.5}]"
OPK-2,2025-08-01,2025-08-12,"[{""control_sku"": ""AR-1B"", ""corr"": 0.5147398863488429, ""overlap_days"": 56, ""ratio"": 1.2857142857142858}, {""control_sku"": ""EKS-K16"", ""corr"": 0.3880149379645515, ""overlap_days"": 56, ""ratio"": 2.2500000000000004}, {""control_sku"": ""U-4"", ""corr"": 0.3846655595935955, ""overlap_days"": 56, ""ratio"": 1.2857142857142858}, {""control_sku"": ""Najtamnija smeda (RR-2 ) kom"", ""corr"": 0.380693072924879, ""overlap_days"": 56, ""ratio"": 3.0000000000000004}]"
OPK-6stari,2025-06-10,2025-09-18,"[{""control_sku"": ""PR55"", ""corr"": 0.5880907886296269, ""overlap_days"": 33, ""ratio"": 5.5}, {""control_sku"": ""RR-350"", ""corr"": 0.4718578256070217, ""overlap_days"": 56, ""ratio"": 1.375}, {""control_sku"": ""Crni kratki opk (KRO-1B ) kom"", ""corr"": 0.46418230957921536, ""overlap_days"": 56, ""ratio"": 0.8461538461538461}, {""control_sku"": ""Tamno plavi kratki (KRR-k16 ) kom"", ""corr"": 0.46097722286464454, ""overlap_days"": 56, ""ratio"": 5.5}, {""control_sku"": ""AF-4"", ""corr"": 0.4502695772189061, ""overlap_days"": 56, ""ratio"": 3.666666666666667}]"
OPK-MHG,2024-09-18,2024-10-19,"[{""control_sku"": ""EKS-PLO"", ""corr"": 0.4950737714883372, ""overlap_days"": 21, ""ratio"": 0.75}, {""control_sku"": ""AF-K16"", ""corr"": 0.4466185006315606, ""overlap_days"": 56, ""ratio"": 0.8571428571428571}, {""control_sku"": ""DR-SMPLV"", ""corr"": 0.3086066999241838, ""overlap_days"": 56, ""ratio"": 2.0}, {""control_sku"": ""OPK-1B"", ""corr"": 0.2559968519460117, ""overlap_days"": 55, ""ratio"": 0.24}]"
OPK-NTP,2025-07-31,2025-08-04,"[{""control_sku"": ""Crni kratki opk (KRO-1B ) kom"", ""corr"": 0.5496898652900419, ""overlap_days"": 56, ""ratio"": 0.7777777777777777}, {""control_sku"": ""Najtamnija smeda kratki (KRR-2 ) kom"", ""corr"": 0.49406319736797916, ""overlap_days"": 56, ""ratio"": 2.3333333333333335}, {""control_sku"": ""U-6"", ""corr"": 0.4939504747763651, ""overlap_days"": 56, ""ratio"": 0.7368421052631579}, {""control_sku"": ""Tamno smedi kratki opk (KRO-4 ) kom"", ""corr"": 0.444584354997829, ""overlap_days"": 56, ""ratio"": 0.823529411764706}]"
OPK-NTP,2025-08-12,2025-08-12,"[{""control_sku"": ""Crni kratki opk (KRO-1B ) kom"", ""corr"": 0.5094182050624887, ""overlap_days"": 51, ""ratio"": 0.55}, {""control_sku"": ""Tamno smedi kratki opk (KRO-4 ) kom"", ""corr"": 0.5056724513056263, ""overlap_days"": 51, ""ratio"": 1.222222222222222}, {""control_sku"": ""U-6"", ""corr"": 0.4905019669168313, ""overlap_days"": 51, ""ratio"": 0.6470588235294118}, {""control_sku"": ""Platinum ombre kratki opk (KRO-PP ) kom"", ""corr"": 0.4440308531537386, ""overlap_days"": 51, ""ratio"": 1.8333333333333335}]"
OPK-NTP,2025-12-22,2025-12-22,"[{""control_sku"": ""U-SMEDPR"", ""corr"": 0.8227533512074422, ""overlap_days"": 56, ""ratio"": 6.0}, {""control_sku"": ""AF-SMO"", ""corr"": 0.7974634147975177, ""overlap_days"": 56, ""ratio"": 4.0}]"
OPK-SMO,2025-08-11,2025-08-12,"[{""control_sku"": ""U-PLAT"", ""corr"": 0.45567794949434537, ""overlap_days"": 56, ""ratio"": 7.0}, {""control_sku"": ""TRK-K16"", ""corr"": 0.44570954336360513, ""overlap_days"": 56, ""ratio"": 7.0}, {""control_sku"": ""EKS-SSP"", ""corr"": 0.4392292959596659, ""overlap_days"": 56, ""ratio"": 2.333333333333333}, {""control_sku"": ""Srednje plava ombre afro (AF-SRP ) kom"", ""corr"": 0.4197570850392884, ""overlap_days"": 56, ""ratio"": 3.0}, {""control_sku"": ""Najtamniji smedi kratki opk (KRO-2 ) kom"", ""corr"": 0.3859961428993832, ""overlap_days"": 56, ""ratio"": 1.4000000000000001}]"
P041,2025-09-02,2025-09-29,"[{""control_sku"": ""RR-SIVPL"", ""corr"": 1.0, ""overlap_days"": 20, ""ratio"": 1.0}, {""control_sku"": ""Ekstenzije sivo plava (EKS-SIVPL ) kom"", ""corr"": 0.7006490497453701, ""overlap_days"": 56, ""ratio"": 0.5}, {""control_sku"": ""Mahagoni kratki opk (KRO-MHG ) kom"", ""corr"": 0.5667557862184746, ""overlap_days"": 56, ""ratio"": 0.5}, {""control_sku"": ""Tamno plavi kratki (KRR-k16 ) kom"", ""corr"": 0.5352557445454061, ""overlap_days"": 56, ""ratio"": 0.11111111111111109}, {""control_sku"": ""RR-SMO"", ""corr"": 0.515338500882481, ""overlap_days"": 56, ""ratio"": 0.125}]"
P061,2025-08-22,2025-11-06,"[{""control_sku"": ""OPK-NTP"", ""corr"": 0.5048705327591981, ""overlap_days"": 50, ""ratio"": 0.33333333333333337}, {""control_sku"": ""KRR-SRP"", ""corr"": 0.4802476582054769, ""overlap_days"": 56, ""ratio"": 0.22222222222222218}, {""control_sku"": ""Platinum ombre kratki opk (KRO-PP ) kom"", ""corr"": 0.4777665429529534, ""overlap_days"": 56, ""ratio"": 0.39999999999999997}, {""control_sku"": ""Tamno smeda kratki (KRR-4 ) kom"", ""corr"": 0.40660310741129646, ""overlap_days"": 56, ""ratio"": 0.16666666666666666}]"
P068,2025-12-24,2025-12-29,"[{""control_sku"": ""EKS-1B"", ""corr"": 0.46395510000067164, ""overlap_days"": 47, ""ratio"": 0.25}, {""control_sku"": ""RR-PLO"", ""corr"": 0.43760882186624717, ""overlap_days"": 47, ""ratio"": 1.3333333333333333}, {""control_sku"": ""Svetlo plavi kratki opk (KRO-613 ) kom"", ""corr"": 0.39795466762464493, ""overlap_days"": 47, ""ratio"": 0.5}]"
P075,2025-12-18,2025-12-18,"[{""control_sku"": ""PR44"", ""corr"": 0.4173873433166969, ""overlap_days"": 56, ""ratio"": 0.0}, {""control_sku"": ""OPK-SMEDPR"", ""corr"": 0.3178177391437375, ""overlap_days"": 56, ""ratio"": 0.0}]"
P081,2025-05-14,2025-05-17,"[{""control_sku"": ""RR-K16"", ""corr"": 0.7598410956022575, ""overlap_days"": 56, ""ratio"": 1.0}, {""control_sku"": ""DR-SMPLV"", ""corr"": 0.4716981132075475, ""overlap_days"": 56, ""ratio"": 1.5}, {""control_sku"": ""P069"", ""corr"": 0.4716981132075475, ""overlap_days"": 56, ""ratio"": 1.0}, {""control_sku"": ""U-SRP"", ""corr"": 0.4259924301493659, ""overlap_days"": 56, ""ratio"": 1.0}]"
P081,2025-05-26,2025-11-06,"[{""control_sku"": ""RR-K16"", ""corr"": 0.7459776406417679, ""overlap_days"": 52, ""ratio"": 0.3333333333333333}, {""control_sku"": ""P069"", ""corr"": 0.5659164584181103, ""overlap_days"": 52, ""ratio"": 0.5}]"
P084,2025-08-18,2025-11-06,"[{""control_sku"": ""U-SMEDPR"", ""corr"": 0.33385895183248687, ""overlap_days"": 56, ""ratio"": 0.2727272727272727}, {""control_sku"": ""AR-1B"", ""corr"": 0.2732046425283236, ""overlap_days"": 56, ""ratio"": 0.42857142857142855}]"
P095,2025-07-10,2025-11-06,"[{""control_sku"": ""AF-613"", ""corr"": 0.5241680446896272, ""overlap_days"": 56, ""ratio"": 0.75}, {""control_sku"": ""Najtamniji smedi kratki opk (KRO-2 ) kom"", ""corr"": 0.4550410297112012, ""overlap_days"": 56, ""ratio"": 0.3}, {""control_sku"": ""EKS-6"", ""corr"": 0.4317268589683185, ""overlap_days"": 56, ""ratio"": 0.42857142857142855}]"
PR1,2025-03-24,2025-05-17,"[{""control_sku"": ""P084"", ""corr"": 0.4749999999999999, ""overlap_days"": 56, ""ratio"": 0.3333333333333333}, {""control_sku"": ""OPK-K16"", ""corr"": 0.47322476108728223, ""overlap_days"": 56, ""ratio"": 0.14285714285714285}, {""control_sku"": ""RR-4"", ""corr"": 0.4588008507408961, ""overlap_days"": 56, ""ratio"": 0.14285714285714285}, {""control_sku"": ""AF-CRV"", ""corr"": 0.4433293138324435, ""overlap_days"": 56, ""ratio"": 0.5}]"
PR1,2025-07-22,2025-11-06,"[{""control_sku"": ""EKS-NAT"", ""corr"": 0.48890586508171385, ""overlap_days"": 40, ""ratio"": -1.0}, {""control_sku"": ""Svetlo smeda OPK (OPK-10 ) kom"", ""corr"": 0.4305953163824291, ""overlap_days"": 40, ""ratio"": -0.25}]"
PR10,2025-12-22,2025-12-29,"[{""control_sku"": ""PR15"", ""corr"": 0.6454972243679028, ""overlap_days"": 45, ""ratio"": 0.3333333333333333}, {""control_sku"": ""P078"", ""corr"": 0.42257712736425834, ""overlap_days"": 45, ""ratio"": 0.3333333333333333}]"
PR15,2025-04-24,2025-11-06,"[{""control_sku"": ""AF-4"", ""corr"": 0.647798742138366, ""overlap_days"": 56, ""ratio"": 1.0}, {""control_sku"": ""AF-K16"", ""corr"": 0.48172932204849, ""overlap_days"": 56, ""ratio"": 1.0}, {""control_sku"": ""Tamno plavi kratki (KRR-k16 ) kom"", ""corr"": 0.45759630593537415, ""overlap_days"": 56, ""ratio"": 0.39999999999999997}, {""control_sku"": ""TRK-K16"", ""corr"": 0.4015504713049923, ""overlap_days"": 56, ""ratio"": 0.6666666666666666}]"
PR18,2025-12-26,2025-12-26,"[{""control_sku"": ""AR-1B"", ""corr"": 0.4255961412791463, ""overlap_days"": 56, ""ratio"": 0.0}, {""control_sku"": ""EKS-PLAT"", ""corr"": 0.365603434703207, ""overlap_days"": 56, ""ratio"": 0.0}]"
PR2,2025-03-24,2025-11-06,"[{""control_sku"": ""Ekstenzije s plavim pramenovima (EKS-PRAM ) kom"", ""corr"": 0.443329313832443, ""overlap_days"": 56, ""ratio"": 1.5}, {""control_sku"": ""EKS-K16"", ""corr"": 0.4015504713049919, ""overlap_days"": 56, ""ratio"": 0.75}, {""control_sku"": ""RR-10"", ""corr"": 0.4015504713049919, ""overlap_days"": 56, ""ratio"": 0.6}, {""control_sku"": ""PR6"", ""corr"": 0.35148388283587606, ""overlap_days"": 56, ""ratio"": 0.75}]"
PR23,2025-10-22,2025-11-06,"[{""control_sku"": ""Crni kratki rep (KRR-1B ) kom"", ""corr"": 0.5527715510038674, ""overlap_days"": 56, ""ratio"": 0.0}, {""control_sku"": ""RR-4"", ""corr"": 0.4717006424737124, ""overlap_days"": 56, ""ratio"": 0.0}, {""control_sku"": ""OPK-SMP"", ""corr"": 0.45873490213598334, ""overlap_days"": 56, ""ratio"": 0.0}]"
PR28,2025-12-18,2025-12-23,"[{""control_sku"": ""AR-Najpl"", ""corr"": 0.6146362971528592, ""overlap_days"": 56, ""ratio"": 0.5}, {""control_sku"": ""OPK-MHG"", ""corr"": 0.48148148148148207, ""overlap_days"": 56, ""ratio"": 1.0}, {""control_sku"": ""PR20"", ""corr"": 0.47435897435897434, ""overlap_days"": 41, ""ratio"": 1.0}, {""control_sku"": ""PR5"", ""corr"": 0.47435897435897434, ""overlap_days"": 41, ""ratio"": 1.0}, {""control_sku"": ""Platinum ombre kratki opk (KRO-PP ) kom"", ""corr"": 0.44208776893462626, ""overlap_days"": 56, ""ratio"": 0.39999999999999997}]"
PR3,2025-11-19,2025-11-19,"[{""control_sku"": ""EKS-SRP"", ""corr"": 0.4237966264172702, ""overlap_days"": 47, ""ratio"": 0.0}, {""control_sku"": ""U-PLAT"", ""corr"": 0.37458095645751405, ""overlap_days"": 47, ""ratio"": 0.0}, {""control_sku"": ""RR-SMP"", ""corr"": 0.30813915625066673, ""overlap_days"": 47, ""ratio"": 0.0}]"
PR36,2025-07-01,2025-11-06,"[{""control_sku"": ""RR-MHG"", ""corr"": 0.6199829383043033, ""overlap_days"": 56, ""ratio"": 0.14285714285714285}, {""control_sku"": ""RR-10"", ""corr"": 0.5405006998297487, ""overlap_days"": 56, ""ratio"": 0.3333333333333333}, {""control_sku"": ""Ekstenzije smede plava ravna (EKS-SMPLV ) kom"", ""corr"": 0.5260729678739209, ""overlap_days"": 56, ""ratio"": 0.3333333333333333}, {""control_sku"": ""P006"", ""corr"": 0.5222373154156563, ""overlap_days"": 56, ""ratio"": 0.25}]"
PR4,2025-09-18,2025-11-06,"[{""control_sku"": ""P066"", ""corr"": 0.4433293138324431, ""overlap_days"": 56, ""ratio"": 1.0}, {""control_sku"": ""RR-4"", ""corr"": 0.3688499891085928, ""overlap_days"": 56, ""ratio"": 0.14285714285714285}]"
PR43,2025-04-11,2025-05-17,"[{""control_sku"": ""TRK-K16"", ""corr"": 0.5891649892987406, ""overlap_days"": 56, ""ratio"": 2.0}, {""control_sku"": ""Svetlo Smedi s pramenovima (RR-SMEDPR ) kom"", ""corr"": 0.4135850959342557, ""overlap_days"": 56, ""ratio"": 1.5}, {""control_sku"": ""DR-PP"", ""corr"": 0.39947174771782823, ""overlap_days"": 56, ""ratio"": 3.0}, {""control_sku"": ""OPK-1B"", ""corr"": 0.3562901441813949, ""overlap_days"": 56, ""ratio"": 0.8571428571428571}]"
PR43,2025-11-03,2025-11-09,"[{""control_sku"": ""Najtamnija smeda (RR-2 ) kom"", ""corr"": 0.6075474665000529, ""overlap_days"": 56, ""ratio"": 0.39999999999999997}, {""control_sku"": ""KRR-PLAT"", ""corr"": 0.45549013641111447, ""overlap_days"": 56, ""ratio"": 0.5}]"
PR43,2025-12-18,2025-12-18,"[{""control_sku"": ""EKSOPK-K16"", ""corr"": 0.31195906619305813, ""overlap_days"": 45, ""ratio"": -0.3333333333333333}, {""control_sku"": ""OPK-2"", ""corr"": 0.2810527168051236, ""overlap_days"": 45, ""ratio"": -0.06666666666666667}, {""control_sku"": ""KRR-PLAT"", ""corr"": 0.2808733880948145, ""overlap_days"": 45, ""ratio"": -0.25}, {""control_sku"": ""Tamno smedi kratki opk (KRO-4 ) kom"", ""corr"": 0.26725611169499774, ""overlap_days"": 45, ""ratio"": -0.16666666666666666}]"
PR51,2025-09-15,2025-12-29,"[{""control_sku"": ""TRK-10"", ""corr"": 0.48671865230170364, ""overlap_days"": 56, ""ratio"": 1.0}, {""control_sku"": ""Smedi ombre kratki (KRR-SMO ) kom"", ""corr"": 0.4788220239017542, ""overlap_days"": 56, ""ratio"": 0.3333333333333333}, {""control_sku"": ""OPK-MHG"", ""corr"": 0.46888062924767965, ""overlap_days"": 56, ""ratio"": 0.6666666666666666}]"
PR53,2025-10-17,2025-10-17,"[{""control_sku"": ""U-K16"", ""corr"": 0.6146362971528592, ""overlap_days"": 56, ""ratio"": 0.16666666666666666}, {""control_sku"": ""EKSOPK-PLAT"", ""corr"": 0.4584439314677025, ""overlap_days"": 56, ""ratio"": 0.14285714285714285}, {""control_sku"": ""AF-SMP"", ""corr"": 0.3601238324594084, ""overlap_days"": 56, ""ratio"": 0.11111111111111109}]"
PR55,2025-12-25,2025-12-25,"[{""control_sku"": ""PR2"", ""corr"": 0.6995439243733445, ""overlap_days"": 48, ""ratio"": 0.5}, {""control_sku"": ""PR4"", ""corr"": 0.5562939111665909, ""overlap_days"": 48, ""ratio"": 0.25}, {""control_sku"": ""P099"", ""corr"": 0.47826086956521724, ""overlap_days"": 48, ""ratio"": 0.5}, {""control_sku"": ""Rep smeda OPK (OPK-6 ) kom"", ""corr"": 0.4020903464478935, ""overlap_days"": 56, ""ratio"": 0.5}, {""control_sku"": ""U-6"", ""corr"": 0.3836619815134042, ""overlap_days"": 56, ""ratio"": 0.09090909090909091}]"
PR8,2025-02-21,2025-05-17,"[{""control_sku"": ""Najtamnija smeda (RR-2 ) kom"", ""corr"": 0.6190476190476191, ""overlap_days"": 24, ""ratio"": 1.0}, {""control_sku"": ""RR-K16"", ""corr"": 0.4257556188056751, ""overlap_days"": 56, ""ratio"": 1.5}, {""control_sku"": ""U-K16"", ""corr"": 0.40857268327663887, ""overlap_days"": 56, ""ratio"": 0.5}]"
Platinum ombre kratki opk (KRO-PP ) kom,2024-12-30,2025-01-13,"[{""control_sku"": ""RR-1B"", ""corr"": 0.717097078003137, ""overlap_days"": 56, ""ratio"": 0.2916666666666667}, {""control_sku"": ""U-SRP"", ""corr"": 0.6846531968814576, ""overlap_days"": 17, ""ratio"": 0.18750000000000003}, {""control_sku"": ""TRK-1B"", ""corr"": 0.6212834388314618, ""overlap_days"": 56, ""ratio"": 1.4}, {""control_sku"": ""U-613"", ""corr"": 0.6144779155634357, ""overlap_days"": 17, ""ratio"": 0.33333333333333337}, {""control_sku"": ""EKS-SSP"", ""corr"": 0.5381765215605264, ""overlap_days"": 56, ""ratio"": 1.1666666666666667}]"
RR-SIVPL,2025-12-29,2025-12-29,"[{""control_sku"": ""RR-K16"", ""corr"": 0.6362847629757771, ""overlap_days"": 56, ""ratio"": 0.42857142857142855}, {""control_sku"": ""AR-Najpl"", ""corr"": 0.39947174771782845, ""overlap_days"": 56, ""ratio"": 1.0}, {""control_sku"": ""U-10"", ""corr"": 0.320645812428485, ""overlap_days"": 56, ""ratio"": 0.42857142857142855}]"
RR-SMP,2025-01-21,2025-01-22,"[{""control_sku"": ""Smede plavi kratki opk (KRO-SMPLV ) kom"", ""corr"": 0.7163072185219136, ""overlap_days"": 56, ""ratio"": 2.0}, {""control_sku"": ""PR6"", ""corr"": 0.637535577754862, ""overlap_days"": 32, ""ratio"": 5.0}, {""control_sku"": ""OPK-MHG"", ""corr"": 0.6025435836007355, ""overlap_days"": 56, ""ratio"": 3.3333333333333335}]"
Rep tamno smeda OPK (OPK-4 ) kom,2025-07-08,2025-08-12,"[{""control_sku"": ""U-4"", ""corr"": 0.5516853875487661, ""overlap_days"": 56, ""ratio"": 1.1111111111111112}, {""control_sku"": ""RR-SMP"", ""corr"": 0.47065547840809946, ""overlap_days"": 56, ""ratio"": 2.0}, {""control_sku"": ""EKS-NAT"", ""corr"": 0.4634544836005176, ""overlap_days"": 56, ""ratio"": 2.0}, {""control_sku"": ""Svetlo Smedi s pramenovima (RR-SMEDPR ) kom"", ""corr"": 0.3969373803342863, ""overlap_days"": 56, ""ratio"": 1.4285714285714286}]"
Smede plavi kratki opk (KRO-SMPLV ) kom,2025-06-18,2025-08-12,"[{""control_sku"": ""EKS-4"", ""corr"": 0.6179435717006125, ""overlap_days"": 56, ""ratio"": 0.7083333333333334}, {""control_sku"": ""U-SMEDPR"", ""corr"": 0.5481731206861902, ""overlap_days"": 41, ""ratio"": 0.7727272727272727}, {""control_sku"": ""Svetlo Smedi s pramenovima (RR-SMEDPR ) kom"", ""corr"": 0.5421848976287792, ""overlap_days"": 56, ""ratio"": 1.5454545454545454}, {""control_sku"": ""RR-SMP"", ""corr"": 0.5142742894011154, ""overlap_days"": 56, ""ratio"": 1.6999999999999997}, {""control_sku"": ""TRK-4"", ""corr"": 0.4864526610241853, ""overlap_days"": 56, ""ratio"": 2.4285714285714284}]"
Smedi kratki opk (KRO-6 ) kom,2025-01-22,2025-01-27,"[{""control_sku"": ""U-1B"", ""corr"": 0.5642922468554402, ""overlap_days"": 40, ""ratio"": 0.13636363636363635}, {""control_sku"": ""U-K16"", ""corr"": 0.4826129890416384, ""overlap_days"": 40, ""ratio"": 0.5}, {""control_sku"": ""OPK-SMP"", ""corr"": 0.43145262632189957, ""overlap_days"": 56, ""ratio"": 0.6}, {""control_sku"": ""Tamno plavi kratki (KRR-k16 ) kom"", ""corr"": 0.41985676755914375, ""overlap_days"": 56, ""ratio"": 1.0}]"
Smedi kratki opk (KRO-6 ) kom,2025-06-26,2025-06-26,"[{""control_sku"": ""OPK-1B"", ""corr"": 0.7104373628271357, ""overlap_days"": 54, ""ratio"": 0.34285714285714286}, {""control_sku"": ""Srednje plavi (RR-SRP ) kom"", ""corr"": 0.575102628228063, ""overlap_days"": 54, ""ratio"": 2.4}, {""control_sku"": ""TRK-K16"", ""corr"": 0.5743241012804153, ""overlap_days"": 54, ""ratio"": 4.0}, {""control_sku"": ""Smede plavi kratki (KRR-SMPLV ) kom"", ""corr"": 0.4950056832007674, ""overlap_days"": 54, ""ratio"": 6.0}]"
Smedi ombre kratki opk (KRO-SMO ) kom,2025-08-04,2025-08-12,"[{""control_sku"": ""EKS-SSP"", ""corr"": 0.44174704486667277, ""overlap_days"": 56, ""ratio"": 1.4444444444444444}, {""control_sku"": ""AR-Najpl"", ""corr"": 0.398353418473332, ""overlap_days"": 56, ""ratio"": 2.6}, {""control_sku"": ""U-6"", ""corr"": 0.3837361128950507, ""overlap_days"": 56, ""ratio"": 0.6190476190476191}, {""control_sku"": ""Crni kratki rep (KRR-1B ) kom"", ""corr"": 0.3772564993027002, ""overlap_days"": 56, ""ratio"": 2.6}]"
Srednje plavi (RR-SRP ) kom,2024-12-30,2025-01-09,"[{""control_sku"": ""U-1B"", ""corr"": 0.6586092569483156, ""overlap_days"": 17, ""ratio"": 0.42105263157894735}, {""control_sku"": ""EKS-1B"", ""corr"": 0.5897607077631278, ""overlap_days"": 56, ""ratio"": 0.6190476190476191}, {""control_sku"": ""Platinum OPK (OPK-PLAT ) kom"", ""corr"": 0.5891281915823741, ""overlap_days"": 56, ""ratio"": 1.4444444444444444}, {""control_sku"": ""Svetlo Smedi s pramenovima (RR-SMEDPR ) kom"", ""corr"": 0.5680419737250522, ""overlap_days"": 56, ""ratio"": 1.4444444444444444}, {""control_sku"": ""EKS-4"", ""corr"": 0.5342405028115642, ""overlap_days"": 56, ""ratio"": 1.6250000000000002}]"
Srednje plavi (RR-SRP ) kom,2025-01-23,2025-01-27,"[{""control_sku"": ""Platinum OPK (OPK-PLAT ) kom"", ""corr"": 0.6376728895783004, ""overlap_days"": 45, ""ratio"": 0.0}, {""control_sku"": ""EKS-1B"", ""corr"": 0.6363025200926044, ""overlap_days"": 45, ""ratio"": 0.0}, {""control_sku"": ""RR-K16"", ""corr"": 0.528429194675624, ""overlap_days"": 45, ""ratio"": 0.0}, {""control_sku"": ""Svetlo Smedi s pramenovima (RR-SMEDPR ) kom"", ""corr"": 0.5264497328966639, ""overlap_days"": 45, ""ratio"": 0.0}, {""control_sku"": ""U-1B"", ""corr"": 0.5228520943060473, ""overlap_days"": 30, ""ratio"": 0.0}]"
Svetlo plavi kratki opk (KRO-613 ) kom,2025-07-31,2025-08-12,"[{""control_sku"": ""EKS-1B"", ""corr"": 0.45008037867350004, ""overlap_days"": 56, ""ratio"": 0.5625000000000001}, {""control_sku"": ""Crni kratki opk (KRO-1B ) kom"", ""corr"": 0.42728504740888423, ""overlap_days"": 56, ""ratio"": 0.5}, {""control_sku"": ""Srednje plava ombre afro (AF-SRP ) kom"", ""corr"": 0.419217134286754, ""overlap_days"": 56, ""ratio"": 1.2857142857142858}, {""control_sku"": ""Tamno plavi kratki (KRR-k16 ) kom"", ""corr"": 0.41473806099301314, ""overlap_days"": 56, ""ratio"": 0.8181818181818182}]"
TRK-613,2025-05-20,2025-08-12,"[{""control_sku"": ""EKS-4"", ""corr"": 0.759615394369651, ""overlap_days"": 56, ""ratio"": 0.36363636363636365}, {""control_sku"": ""EKS-PLO"", ""corr"": 0.7581549731080636, ""overlap_days"": 56, ""ratio"": 1.3333333333333333}, {""control_sku"": ""P001"", ""corr"": 0.7581549731080635, ""overlap_days"": 56, ""ratio"": 1.3333333333333333}, {""control_sku"": ""DR-1B"", ""corr"": 0.7540273000421621, ""overlap_days"": 56, ""ratio"": 0.36363636363636365}]"
Tamno plavi kratki opk (KRO-k16 ) kom,2025-01-08,2025-01-27,"[{""control_sku"": ""U-1B"", ""corr"": 0.8000548753301742, ""overlap_days"": 26, ""ratio"": 0.35}, {""control_sku"": ""U-6"", ""corr"": 0.7872995174553065, ""overlap_days"": 26, ""ratio"": 1.4}, {""control_sku"": ""Platinum OPK (OPK-PLAT ) kom"", ""corr"": 0.6348782971212877, ""overlap_days"": 56, ""ratio"": 1.4}, {""control_sku"": ""DR-SIVPL"", ""corr"": 0.5719316890071297, ""overlap_days"": 56, ""ratio"": 3.5}, {""control_sku"": ""U-K16"", ""corr"": 0.5671655656152231, ""overlap_days"": 26, ""ratio"": 0.7}]"
Tamno smedi kratki opk (KRO-4 ) kom,2025-01-20,2025-01-20,"[{""control_sku"": ""AF-1"", ""corr"": 0.6948988727242539, ""overlap_days"": 38, ""ratio"": 0.38461538461538464}, {""control_sku"": ""PR6"", ""corr"": 0.6529762267922964, ""overlap_days"": 31, ""ratio"": 2.5}, {""control_sku"": ""OPK-1B"", ""corr"": 0.5809698837152951, ""overlap_days"": 56, ""ratio"": 0.4166666666666667}]"
Tamno smedi kratki opk (KRO-4 ) kom,2025-01-23,2025-01-27,"[{""control_sku"": ""AF-1"", ""corr"": 0.6358934274903364, ""overlap_days"": 40, ""ratio"": 0.4}, {""control_sku"": ""PR6"", ""corr"": 0.6185173354624067, ""overlap_days"": 33, ""ratio"": 1.0}, {""control_sku"": ""Smede plavi kratki opk (KRO-SMPLV ) kom"", ""corr"": 0.6029593589621022, ""overlap_days"": 55, ""ratio"": 0.5}, {""control_sku"": ""OPK-1B"", ""corr"": 0.5737885873141548, ""overlap_days"": 55, ""ratio"": 0.25}]"
U-SRP,2025-12-23,2025-12-23,"[{""control_sku"": ""P084"", ""corr"": 0.7388309015192329, ""overlap_days"": 46, ""ratio"": 11.5}, {""control_sku"": ""Rep smeda OPK (OPK-6 ) kom"", ""corr"": 0.7060179772874021, ""overlap_days"": 56, ""ratio"": 11.5}, {""control_sku"": ""PR00"", ""corr"": 0.7060179772874017, ""overlap_days"": 56, ""ratio"": 11.5}, {""control_sku"": ""AF-SMO"", ""corr"": 0.6658192629638274, ""overlap_days"": 56, ""ratio"": 5.75}, {""control_sku"": ""P043"", ""corr"": 0.6616939787133053, ""overlap_days"": 56, ""ratio"": 5.75}]"
U-SRP,2025-12-26,2025-12-26,"[{""control_sku"": ""P084"", ""corr"": 0.7301733269038834, ""overlap_days"": 48, ""ratio"": 11.0}, {""control_sku"": ""PR00"", ""corr"": 0.7090834951345987, ""overlap_days"": 55, ""ratio"": 11.0}, {""control_sku"": ""AF-SMO"", ""corr"": 0.6826607513066102, ""overlap_days"": 55, ""ratio"": 7.333333333333333}, {""control_sku"": ""P043"", ""corr"": 0.6646648251660306, ""overlap_days"": 55, ""ratio"": 5.5}, {""control_sku"": ""Najtamnija smeda afro (AF-2 ) kom"", ""corr"": 0.6077543926236416, ""overlap_days"": 55, ""ratio"": 3.6666666666666665}]"
